{"tensorflow": [-0.07903298735618591, -0.03867771476507187, 0.002765215002000332], "is": [-0.09776052087545395, -0.20827363431453705, -0.10372388362884521], "a": [0.08764304965734482, -0.4959012567996979, -0.04985499009490013], "library": [3.712500256369822e-05, 0.03235327824950218, -0.026688938960433006]}